{"cameraMode":{"drawMode":0,"name":"Shaded","section":"Shading Mode"},"sceneLighting":true,"audioPlay":false,"sceneViewState":{"m_AlwaysRefresh":false,"showFog":true,"showSkybox":true,"showFlares":true,"showImageEffects":true,"showParticleSystems":true,"showVisualEffectGraphs":true,"m_FxEnabled":true},"in2DMode":false,"pivot":{"x":759.7650146484375,"y":273.2501525878906,"z":304.5268859863281},"rotation":{"x":0.12629234790802003,"y":0.8445539474487305,"z":-0.46777310967445376,"w":0.22802051901817323},"size":501.39337158203127,"orthographic":false}